id,mission_id,timestamp,acx,acy,acz,gyx,gyy,gyz,temperature,humidity,pressure,altitude,dir,latitude,longitude,battery_voltage,packet_count
1,1,2025-11-05 17:58:30.233755,-0.38,-0.41,1.05,30.96,-43.03,26.79,30.9,49.0,941.49,615.36,O,-23.16409,-45.793121,3.37,4
2,1,2025-11-05 17:58:35.204564,-0.46,0.17,1.0,32.6,25.63,6.87,30.9,49.0,941.49,615.36,L,-23.1641,-45.793118,3.25,5
3,1,2025-11-05 17:58:40.180726,-0.08,0.3,0.94,4.44,27.92,35.33,31.0,49.0,941.41,616.06,S,-23.1641,-45.793111,3.48,6
4,1,2025-11-05 17:58:53.216820,-0.23,0.01,1.08,-9.81,-3.4,-4.86,31.0,49.0,941.26,617.4,S,-23.164125,-45.793127,3.72,8
5,1,2025-11-05 17:59:07.160943,-0.04,0.03,1.12,0.61,-5.77,1.73,31.0,49.0,941.16,618.28,S,-23.164136,-45.793114,3.69,10
6,1,2025-11-05 17:59:12.136727,-0.18,-0.25,1.08,-6.62,1.0,-2.57,31.0,49.0,941.19,618.0,S,-23.164132,-45.793124,3.69,11
7,1,2025-11-05 17:59:17.214773,-0.15,-0.33,1.0,-6.29,2.31,3.35,31.0,49.0,941.21,617.86,S,-23.164133,-45.793127,3.68,12
8,1,2025-11-05 18:13:29.386887,-0.15,-0.17,1.05,-0.19,-2.25,1.41,31.2,49.0,941.47,615.51,S,,,3.64,151
9,1,2025-11-05 18:13:34.356925,-0.16,-0.17,1.04,-0.23,-2.23,1.15,31.2,49.0,941.47,615.51,S,,,3.61,152
10,1,2025-11-05 18:13:39.328898,-0.16,-0.17,1.05,-0.3,-2.44,1.44,31.2,49.0,941.49,615.35,S,,,3.65,153
11,1,2025-11-05 18:13:44.400909,-0.15,-0.17,1.05,-0.35,-2.35,1.43,31.3,49.0,941.5,615.24,S,,,3.65,154
12,1,2025-11-05 18:13:49.375880,-0.16,-0.17,1.06,-0.35,-2.29,1.34,31.3,49.0,941.49,615.32,S,,,3.65,155
13,1,2025-11-05 18:13:54.348195,-0.16,-0.17,1.05,-0.11,-2.21,1.35,31.3,49.0,941.46,615.61,S,,,3.61,156
14,1,2025-11-05 18:13:59.318265,-0.15,-0.17,1.05,-0.15,-2.08,1.24,31.3,49.0,941.45,615.7,S,,,3.6,157
15,1,2025-11-05 18:14:04.389158,-0.16,-0.17,1.06,-0.3,-2.42,1.31,31.3,49.0,941.48,615.45,S,,,3.62,158
16,1,2025-11-05 18:14:09.361362,-0.15,-0.17,1.05,-0.15,-2.31,1.27,31.3,49.0,941.5,615.3,S,,,3.64,159
17,1,2025-11-05 18:14:14.334274,-0.15,-0.17,1.06,-0.06,-2.44,1.34,31.3,49.0,941.51,615.16,S,,,3.64,160
18,1,2025-11-05 18:14:19.304139,-0.16,-0.17,1.04,-0.21,-2.24,1.24,31.3,49.0,941.48,615.46,S,,,3.64,161
19,1,2025-11-05 18:14:24.377257,-0.15,-0.17,1.05,-0.36,-2.15,1.21,31.3,49.0,941.47,615.55,S,,,3.65,162
20,1,2025-11-05 18:14:29.349487,-0.15,-0.17,1.05,-0.19,-2.42,1.35,31.3,49.0,941.5,615.24,S,,,3.61,163
21,1,2025-11-05 18:14:39.368486,-0.16,-0.18,1.05,-0.21,-2.36,1.25,31.3,49.0,941.51,615.17,S,,,3.62,164
22,1,2025-11-05 18:14:44.343415,-0.16,-0.17,1.05,-0.3,-2.4,1.31,31.3,49.0,941.51,615.19,S,,,3.61,165
23,1,2025-11-05 18:14:49.313649,-0.15,-0.17,1.05,-0.13,-2.42,1.47,31.3,49.0,941.51,615.21,S,,,3.63,166
24,1,2025-11-05 18:14:54.384511,-0.15,-0.17,1.05,-0.34,-2.05,1.34,31.3,49.0,941.52,615.1,S,,,3.62,167
25,1,2025-11-05 18:14:59.353738,-0.15,-0.17,1.06,-0.22,-2.31,1.28,31.3,49.0,941.53,614.99,S,,,3.6,168
26,1,2025-11-05 18:15:04.322838,-0.16,-0.17,1.05,-0.24,-2.4,1.28,31.3,49.0,941.52,615.13,S,,,3.62,169
27,1,2025-11-05 18:15:09.395836,-0.15,-0.17,1.05,-0.14,-2.47,1.26,31.3,49.0,941.51,615.18,S,,,3.65,170
28,1,2025-11-05 18:15:14.366750,-0.16,-0.17,1.06,-0.17,-2.4,1.31,31.3,49.0,941.52,615.08,S,,,3.65,171
29,1,2025-11-05 18:15:19.338902,-0.15,-0.17,1.06,-0.11,-2.47,1.28,31.3,49.0,941.53,615.02,S,,,3.64,172
30,1,2025-11-05 18:15:24.308946,-0.16,-0.17,1.05,-0.37,-2.5,1.37,31.3,49.0,941.53,614.99,S,,,3.61,173
31,1,2025-11-05 18:15:29.381994,-0.15,-0.17,1.05,-0.22,-2.5,1.32,31.4,49.0,941.51,615.2,S,,,3.61,174
32,1,2025-11-05 18:15:34.357111,-0.16,-0.16,1.05,-0.32,-2.36,1.23,31.4,49.0,941.49,615.37,S,,,3.62,175
33,1,2025-11-05 18:15:39.332121,-0.16,-0.18,1.05,-0.36,-2.22,1.3,31.4,49.0,941.51,615.13,S,,,3.62,176
34,1,2025-11-05 18:15:44.404134,-0.15,-0.17,1.05,-0.15,-2.18,1.34,31.4,49.0,941.53,614.96,S,,,3.63,177
35,1,2025-11-05 18:15:49.378987,-0.15,-0.18,1.05,-0.18,-2.4,1.44,31.4,49.0,941.51,615.14,S,,,3.6,178
36,1,2025-11-05 18:15:54.349172,-0.15,-0.16,1.05,-0.48,-2.22,1.25,31.5,49.0,941.5,615.22,S,,,3.65,179
37,1,2025-11-05 18:15:59.319193,-0.16,-0.17,1.05,-0.16,-2.31,1.47,31.5,49.0,941.52,615.08,S,,,3.64,180
38,1,2025-11-05 18:16:04.395231,-0.16,-0.17,1.05,-0.07,-2.34,1.36,31.5,48.0,941.53,614.97,S,,,3.65,181
39,1,2025-11-05 18:16:09.365371,-0.15,-0.17,1.06,-0.31,-2.25,1.34,31.6,48.0,941.54,614.93,S,,,3.62,182
40,1,2025-11-05 18:16:14.342225,-0.16,-0.18,1.05,-0.51,-2.21,1.33,31.6,48.0,941.51,615.14,S,,,3.62,183
41,1,2025-11-05 18:16:19.317451,-0.15,-0.17,1.06,-0.21,-2.36,1.41,31.6,48.0,941.52,615.1,S,,,3.62,184
42,1,2025-11-05 18:16:24.393424,-0.16,-0.17,1.05,-0.22,-2.35,1.2,31.6,48.0,941.55,614.8,S,,,3.62,185
43,1,2025-11-05 18:16:29.365435,-0.16,-0.17,1.04,-0.3,-2.28,1.42,31.6,48.0,941.57,614.69,S,,,3.63,186
44,1,2025-11-05 18:16:34.335610,-0.16,-0.17,1.04,-0.05,-2.29,1.53,31.6,48.0,941.56,614.73,S,,,3.63,187
45,1,2025-11-05 18:16:39.405784,-0.15,-0.17,1.04,-0.31,-2.44,1.18,31.6,48.0,941.55,614.82,S,,,3.64,188
46,1,2025-11-05 18:16:44.374812,-0.16,-0.18,1.05,-0.31,-2.4,1.23,31.6,48.0,941.55,614.79,S,,,3.65,189
47,1,2025-11-05 18:16:49.350721,-0.16,-0.17,1.05,-0.23,-2.42,1.29,31.5,48.0,941.57,614.65,S,,,3.65,190
48,1,2025-11-05 18:16:54.320929,-0.15,-0.17,1.05,-0.02,-2.34,1.34,31.5,48.0,941.59,614.5,S,,,3.61,191
49,1,2025-11-05 18:16:59.391811,-0.16,-0.17,1.05,-0.15,-2.47,1.25,31.5,48.0,941.56,614.69,S,,,3.61,192
50,1,2025-11-05 18:17:04.361756,-0.15,-0.18,1.06,-0.38,-2.4,1.21,31.5,48.0,941.57,614.69,S,,,3.64,193
51,1,2025-11-05 18:17:09.336901,-0.16,-0.17,1.06,0.09,-2.33,1.52,31.5,48.0,941.59,614.46,S,,,3.59,194
52,1,2025-11-05 18:17:14.365899,-0.15,-0.18,1.05,-0.24,-2.29,1.25,31.5,48.0,941.59,614.48,S,,,3.62,195
53,1,2025-11-05 18:17:19.341820,-0.15,-0.17,1.05,-0.11,-2.46,1.48,31.5,48.0,941.57,614.64,S,,,3.6,196
54,1,2025-11-05 18:17:24.412905,-0.15,-0.17,1.06,0.32,-1.87,1.6,31.5,49.0,941.54,614.95,S,,,3.64,197
55,1,2025-11-05 18:17:29.341039,-0.15,-0.17,1.05,-0.37,-2.34,1.27,31.5,49.0,941.51,615.16,S,,,3.64,198
56,1,2025-11-05 18:17:34.412159,-0.16,-0.17,1.05,-0.44,-2.36,1.37,31.5,49.0,941.56,614.72,S,,,3.65,199
57,1,2025-11-05 18:17:39.382187,-0.16,-0.17,1.05,-0.6,-2.44,1.33,31.5,49.0,941.57,614.65,S,,,3.6,200
58,1,2025-11-05 18:17:44.351154,-0.16,-0.16,1.05,-0.19,-2.38,1.39,31.5,49.0,941.57,614.63,S,,,3.61,201
59,1,2025-11-05 18:17:49.321276,-0.16,-0.17,1.05,-0.58,-2.57,1.19,31.5,49.0,941.51,615.15,S,,,3.65,202
60,1,2025-11-05 18:17:54.392275,-0.16,-0.18,1.06,0.08,-2.15,1.28,31.5,49.0,941.52,615.08,S,,,3.62,203
61,1,2025-11-05 18:17:59.317509,-0.15,-0.17,1.05,-0.31,-2.4,1.36,31.4,49.0,941.57,614.68,S,,,3.62,204
62,1,2025-11-05 18:18:04.395460,-0.16,-0.17,1.06,0.11,-2.25,1.43,31.4,49.0,941.59,614.49,S,,,3.63,205
63,1,2025-11-05 18:18:09.321599,-0.15,-0.17,1.05,-0.34,-2.26,1.2,31.4,49.0,941.59,614.5,S,,,3.64,206
64,1,2025-11-05 18:18:14.394612,-0.15,-0.17,1.05,-0.35,-2.39,1.21,31.4,49.0,941.58,614.58,S,,,3.64,207
65,1,2025-11-05 18:18:19.363540,-0.16,-0.17,1.06,-0.25,-2.32,1.21,31.4,49.0,941.6,614.34,S,,,3.64,208
66,1,2025-11-05 18:18:24.335481,-0.15,-0.18,1.06,-0.19,-2.28,1.35,31.4,49.0,941.62,614.2,S,,,3.6,209
67,1,2025-11-05 18:18:29.411680,-0.15,-0.18,1.04,-0.17,-2.24,1.31,31.4,49.0,941.62,614.23,S,,,3.64,210
68,1,2025-11-05 18:18:34.381848,-0.16,-0.17,1.06,-0.42,-2.5,1.25,31.4,49.0,941.59,614.51,S,,,3.64,211
69,1,2025-11-05 18:18:39.356801,-0.15,-0.17,1.05,-0.26,-2.39,1.4,31.4,49.0,941.58,614.57,S,,,3.62,212
70,1,2025-11-05 18:18:44.328787,-0.16,-0.18,1.05,-0.11,-2.34,1.21,31.5,49.0,941.61,614.3,S,,,3.61,213
71,1,2025-11-05 18:18:49.406947,-0.16,-0.18,1.05,-0.28,-2.24,1.24,31.5,49.0,941.63,614.12,S,,,3.63,214
72,1,2025-11-05 18:18:54.376733,-0.15,-0.17,1.05,-0.28,-2.36,1.38,31.5,49.0,941.64,614.02,S,,,3.63,215
73,1,2025-11-05 18:18:59.350866,-0.15,-0.17,1.05,-0.24,-2.41,1.39,31.4,49.0,941.62,614.2,S,,,3.64,216
74,1,2025-11-05 18:19:04.320970,-0.16,-0.17,1.05,-0.37,-2.31,1.3,31.4,49.0,941.61,614.28,S,,,3.64,217
75,1,2025-11-05 18:19:09.392107,-0.15,-0.17,1.05,-0.24,-2.34,1.26,31.4,49.0,941.62,614.22,S,,,3.6,218
76,1,2025-11-05 18:19:14.362064,-0.16,-0.17,1.05,-0.09,-2.34,1.32,31.4,49.0,941.63,614.07,S,,,3.64,219
77,1,2025-11-05 18:19:19.332096,-0.15,-0.18,1.06,-0.44,-2.24,1.25,31.4,49.0,941.62,614.19,S,,,3.64,220
78,1,2025-11-05 18:19:24.409244,-0.15,-0.17,1.05,-0.22,-2.32,1.33,31.4,49.0,941.62,614.24,S,,,3.64,221
79,1,2025-11-05 18:19:29.380140,-0.16,-0.17,1.05,-0.2,-2.28,1.32,31.4,49.0,941.63,614.07,S,,,3.62,222
80,1,2025-11-05 18:19:34.350312,-0.15,-0.17,1.05,-0.52,-2.42,1.27,31.4,49.0,941.65,613.97,S,,,3.62,223
81,1,2025-11-05 18:19:39.320309,-0.16,-0.17,1.05,-0.43,-2.34,1.09,31.3,49.0,941.65,613.96,S,,,3.63,224
82,1,2025-11-05 18:19:44.396503,-0.16,-0.16,1.05,-0.24,-2.27,1.34,31.3,49.0,941.62,614.17,S,,,3.6,225
83,1,2025-11-05 18:19:49.366547,-0.16,-0.17,1.05,-0.05,-2.22,1.36,31.3,49.0,941.61,614.25,S,,,3.64,226
84,1,2025-11-05 18:19:54.337285,-0.15,-0.17,1.05,-0.24,-2.49,1.32,31.3,49.0,941.62,614.22,S,,,3.64,227
85,1,2025-11-05 18:19:59.408573,-0.16,-0.17,1.05,-0.22,-2.34,1.16,31.3,49.0,941.63,614.07,S,,,3.6,228
86,1,2025-11-05 18:20:04.378640,-0.16,-0.17,1.05,-0.33,-2.32,1.4,31.3,49.0,941.64,613.98,S,,,3.61,229
87,1,2025-11-05 18:20:09.347639,-0.15,-0.18,1.05,-0.53,-2.4,1.21,31.3,49.0,941.62,614.23,S,,,3.64,230
88,1,2025-11-05 18:20:14.321613,-0.15,-0.17,1.06,-0.19,-2.34,1.39,31.3,49.0,941.58,614.53,S,,,3.61,231
89,1,2025-11-05 18:20:19.393807,-0.15,-0.17,1.06,-0.27,-2.32,1.37,31.3,49.0,941.61,614.3,S,,,3.62,232
90,1,2025-11-05 18:20:24.362835,-0.15,-0.17,1.06,-0.15,-2.35,1.31,31.3,49.0,941.63,614.1,S,,,3.63,233
91,1,2025-11-05 18:20:29.331864,-0.15,-0.17,1.05,-0.21,-2.45,1.37,31.4,49.0,941.61,614.27,S,,,3.64,234
92,1,2025-11-05 18:20:34.405667,-0.16,-0.18,1.06,-0.35,-2.31,1.12,31.4,49.0,941.58,614.53,S,,,3.6,235
93,1,2025-11-05 18:20:39.380677,-0.16,-0.17,1.05,-0.26,-2.31,1.41,31.4,49.0,941.61,614.29,S,,,3.6,236
94,1,2025-11-05 18:20:44.351996,-0.15,-0.17,1.04,-0.35,-2.24,1.31,31.4,49.0,941.63,614.16,S,,,3.64,237
95,1,2025-11-05 18:20:49.324065,-0.16,-0.17,1.05,-0.5,-2.41,1.34,31.4,49.0,941.64,614.0,S,,,3.64,238
96,1,2025-11-05 18:20:54.397972,-0.15,-0.17,1.05,-0.34,-2.37,1.33,31.3,49.0,941.63,614.09,S,,,3.64,239
97,1,2025-11-05 18:20:59.373122,-0.15,-0.16,1.05,-0.21,-2.43,1.34,31.3,49.0,941.62,614.25,S,,,3.64,240
98,1,2025-11-05 18:21:04.343273,-0.16,-0.17,1.05,-0.11,-2.41,1.37,31.3,49.0,941.62,614.18,S,,,3.62,241
99,1,2025-11-05 18:21:09.419180,-0.15,-0.17,1.05,-0.37,-2.31,1.21,31.3,49.0,941.63,614.13,S,,,3.59,242
100,1,2025-11-05 18:21:14.389148,-0.15,-0.16,1.05,-0.09,-2.32,1.27,31.3,49.0,941.63,614.1,S,,,3.59,243
101,1,2025-11-05 18:21:19.359362,-0.16,-0.17,1.05,-0.37,-2.43,1.24,31.3,49.0,941.61,614.32,S,,,3.61,244
102,1,2025-11-05 18:21:24.334310,-0.16,-0.17,1.05,-0.13,-2.42,1.27,31.3,49.0,941.61,614.33,S,,,3.63,245
103,1,2025-11-05 18:21:29.405377,-0.15,-0.17,1.05,-0.52,-2.31,1.15,31.2,49.0,941.6,614.34,S,,,3.64,246
104,1,2025-11-05 18:21:34.378390,-0.16,-0.17,1.05,-0.18,-2.52,1.36,31.2,49.0,941.63,614.11,S,,,3.64,247
105,1,2025-11-05 18:21:39.348622,-0.15,-0.17,1.06,-0.31,-2.19,1.37,31.2,49.0,941.62,614.16,S,,,3.6,248
106,1,2025-11-05 18:21:44.421573,-0.15,-0.17,1.05,-0.27,-2.3,1.32,31.2,49.0,941.63,614.08,S,,,3.64,249
107,1,2025-11-05 18:21:49.391667,-0.15,-0.17,1.05,0.02,-2.5,1.21,31.2,49.0,941.67,613.8,S,,,3.59,250
108,1,2025-11-05 18:21:59.417602,-0.16,-0.17,1.05,0.0,-2.27,1.29,31.2,49.0,941.65,613.92,S,,,3.62,251
109,1,2025-11-05 18:22:04.342662,-0.16,-0.17,1.05,0.11,-2.33,1.34,31.1,49.0,941.62,614.25,S,,,3.62,252
110,1,2025-11-05 18:22:09.366820,-0.15,-0.16,1.05,-0.24,-2.46,1.39,31.1,49.0,941.62,614.2,S,,,3.63,253
111,1,2025-11-05 18:22:14.341628,-0.15,-0.18,1.05,-0.46,-2.31,1.18,31.1,49.0,941.63,614.09,S,,,3.64,254
112,1,2025-11-05 18:22:29.411932,-0.16,-0.17,1.05,0.3,-2.34,1.42,31.1,49.0,941.62,614.18,S,,,3.64,255
113,1,2025-11-05 18:22:34.341772,-0.15,-0.18,1.06,-0.2,-2.37,1.34,31.1,49.0,941.64,614.04,S,,,3.64,256
114,1,2025-11-05 18:22:39.417841,-0.15,-0.17,1.05,-0.16,-2.38,1.43,31.1,49.0,941.66,613.86,S,,,3.61,257
115,1,2025-11-05 18:22:44.389022,-0.15,-0.17,1.05,-0.26,-2.27,1.34,31.1,49.0,941.66,613.82,S,,,3.58,258
116,1,2025-11-05 18:22:49.358110,-0.15,-0.17,1.05,-0.63,-2.24,1.15,31.1,49.0,941.65,613.97,S,,,3.62,259
117,1,2025-11-05 18:22:54.326179,-0.16,-0.18,1.05,-0.32,-2.37,1.42,31.1,49.0,941.61,614.26,S,,,3.63,260
118,1,2025-11-05 18:22:59.402047,-0.16,-0.17,1.04,-0.17,-2.34,1.4,31.1,49.0,941.64,613.98,S,,,3.63,261
119,1,2025-11-05 18:23:04.373081,-0.16,-0.17,1.05,-0.31,-2.34,1.34,31.1,49.0,941.66,613.81,S,,,3.63,262
120,1,2025-11-05 18:23:09.343512,-0.14,-0.18,1.05,0.02,-2.05,1.35,31.1,49.0,941.64,614.06,S,,,3.63,263
121,1,2025-11-05 18:23:14.372469,-0.14,-0.17,1.05,-0.18,-2.45,1.31,31.1,49.0,941.58,614.6,S,,,3.6,264
122,1,2025-11-05 18:23:19.343428,-0.16,-0.18,1.05,0.09,-2.13,1.36,31.1,49.0,941.6,614.37,S,,,3.6,265
123,1,2025-11-05 18:23:24.372541,-0.15,-0.17,1.05,-0.15,-2.34,1.36,31.1,49.0,941.63,614.11,S,,,3.6,266
124,1,2025-11-05 18:23:29.348470,-0.16,-0.18,1.05,-0.24,-2.37,1.32,31.1,49.0,941.65,613.97,S,,,3.62,267
125,1,2025-11-05 18:23:34.424615,-0.15,-0.17,1.05,-0.21,-2.4,1.29,31.1,49.0,941.62,614.2,S,,,3.62,268
126,1,2025-11-05 18:23:39.399621,-0.15,-0.18,1.06,-0.03,-2.23,1.26,31.1,49.0,941.62,614.23,S,,,3.62,269
127,1,2025-11-05 18:23:44.370651,-0.15,-0.17,1.05,-0.03,-2.33,1.27,31.1,49.0,941.63,614.12,S,,,3.63,270
128,1,2025-11-05 18:23:49.341595,-0.16,-0.17,1.06,-0.26,-2.45,1.31,31.1,49.0,941.64,614.0,S,,,3.63,271
129,1,2025-11-05 18:23:54.414786,-0.15,-0.18,1.06,0.17,-2.4,1.36,31.1,49.0,941.65,613.98,S,,,3.6,272
130,1,2025-11-05 18:23:59.344681,-0.16,-0.17,1.05,-0.5,-2.34,1.35,31.1,49.0,941.61,614.28,S,,,3.6,273
131,1,2025-11-05 18:24:04.420728,-0.16,-0.17,1.05,-0.47,-2.24,1.34,31.1,49.0,941.59,614.44,S,,,3.62,274
132,1,2025-11-05 18:24:09.389795,-0.16,-0.17,1.05,-0.33,-2.21,1.15,31.1,49.0,941.6,614.39,S,,,3.62,275
133,1,2025-11-05 18:24:14.358004,-0.15,-0.17,1.05,-0.47,-2.26,1.27,31.0,49.0,941.61,614.33,S,,,3.6,276
134,1,2025-11-05 18:24:19.331016,-0.16,-0.18,1.05,-0.07,-2.37,1.47,31.0,50.0,941.59,614.43,S,,,3.61,277
135,1,2025-11-05 18:24:24.408143,-0.15,-0.18,1.05,-0.27,-2.21,1.28,31.0,50.0,941.59,614.47,S,,,3.62,278
136,1,2025-11-05 18:24:29.378086,-0.15,-0.16,1.04,-0.14,-2.26,1.37,31.0,50.0,941.62,614.19,S,,,3.59,279
137,1,2025-11-05 18:24:34.350055,-0.15,-0.17,1.05,-0.3,-2.25,1.31,31.0,50.0,941.64,614.05,S,,,3.6,280
138,1,2025-11-05 18:24:39.422352,-0.16,-0.17,1.05,-0.26,-2.27,1.27,31.0,50.0,941.66,613.87,S,,,3.63,281
139,1,2025-11-05 18:24:44.392270,-0.16,-0.17,1.05,-0.07,-2.36,1.35,31.0,50.0,941.63,614.09,S,,,3.63,282
140,1,2025-11-05 18:24:49.361275,-0.15,-0.18,1.05,-0.35,-2.2,1.41,30.9,50.0,941.6,614.39,S,,,3.63,283
141,1,2025-11-05 18:24:54.337320,-0.15,-0.17,1.05,-0.59,-2.46,1.23,30.9,50.0,941.62,614.18,S,,,3.62,284
142,1,2025-11-05 18:24:59.408391,-0.15,-0.17,1.05,-0.37,-2.34,1.22,30.9,50.0,941.62,614.17,S,,,3.6,285
143,1,2025-11-05 18:25:04.378280,-0.16,-0.18,1.05,-0.19,-2.42,1.42,30.9,50.0,941.62,614.18,S,,,3.58,286
144,1,2025-11-05 18:25:09.352350,-0.15,-0.17,1.05,-0.13,-2.24,1.31,30.9,50.0,941.62,614.21,S,,,3.61,287
145,1,2025-11-05 18:25:14.428448,-0.15,-0.17,1.05,-0.14,-2.39,1.41,30.9,50.0,941.62,614.18,S,,,3.62,288
146,1,2025-11-05 18:25:24.346716,-0.16,-0.16,1.05,-0.21,-2.31,1.61,30.9,50.0,941.63,614.11,S,,,3.63,289
147,1,2025-11-05 18:25:29.421744,-0.15,-0.17,1.05,-0.02,-2.44,1.44,30.9,50.0,941.6,614.37,S,,,3.62,290
148,1,2025-11-05 18:25:34.397689,-0.16,-0.17,1.06,-0.48,-2.4,1.2,30.9,50.0,941.59,614.5,S,,,3.61,291
149,1,2025-11-05 18:25:39.369794,-0.15,-0.17,1.05,-0.27,-2.42,1.27,31.0,50.0,941.6,614.34,S,,,3.62,292
150,1,2025-11-05 18:25:44.346733,-0.16,-0.18,1.06,-0.76,-2.46,1.24,30.9,50.0,941.61,614.25,S,,,3.6,293
151,1,2025-11-05 18:25:49.424898,-0.15,-0.17,1.05,-0.24,-2.32,1.4,30.9,50.0,941.61,614.29,S,,,3.61,294
152,1,2025-11-05 18:25:54.399785,-0.15,-0.17,1.05,0.0,-2.25,1.27,30.9,50.0,941.6,614.42,S,,,3.61,295
153,1,2025-11-05 18:25:59.423811,-0.15,-0.17,1.05,-0.38,-2.13,1.37,30.9,50.0,941.62,614.24,S,,,3.61,296
154,1,2025-11-05 18:26:09.343786,-0.15,-0.16,1.05,-1.17,-2.3,1.22,30.9,50.0,941.6,614.39,S,,,3.59,297
155,1,2025-11-05 18:26:14.415062,-0.15,-0.18,1.06,-0.17,-2.25,1.34,31.0,50.0,941.57,614.61,S,,,3.63,298
156,1,2025-11-05 18:26:19.390156,-0.16,-0.17,1.05,-0.09,-2.25,1.42,31.0,50.0,941.56,614.72,S,,,3.62,299
157,1,2025-11-05 18:26:24.365077,-0.16,-0.18,1.06,0.21,-2.2,1.41,31.0,50.0,941.56,614.75,S,,,3.6,300
158,1,2025-11-05 18:26:29.390034,-0.15,-0.17,1.05,-0.3,-2.23,1.25,31.0,50.0,941.54,614.88,S,,,3.62,301
159,1,2025-11-05 18:26:34.366203,-0.16,-0.16,1.04,-0.19,-2.39,1.48,31.0,50.0,941.54,614.91,S,,,3.59,302
160,1,2025-11-05 18:26:39.341179,-0.15,-0.17,1.05,-0.16,-2.44,1.47,31.0,50.0,941.52,615.09,S,,,3.56,303
161,1,2025-11-05 18:26:44.417245,-0.16,-0.18,1.05,0.23,-2.36,1.53,31.1,50.0,941.49,615.35,S,,,3.57,304
162,1,2025-11-05 18:26:49.348264,-0.15,-0.18,1.05,-0.05,-2.11,1.24,31.1,50.0,941.52,615.07,S,,,3.6,305
163,1,2025-11-05 18:26:54.420363,-0.15,-0.18,1.06,-0.2,-2.24,1.28,31.1,49.0,941.54,614.93,S,,,3.61,306
164,1,2025-11-05 18:27:04.344591,-0.16,-0.17,1.05,-0.44,-2.43,1.34,31.1,49.0,941.53,614.97,S,,,3.62,307
165,1,2025-11-05 18:27:09.420452,-0.15,-0.17,1.04,-0.56,-2.23,1.16,31.1,49.0,941.56,614.76,S,,,3.59,308
166,1,2025-11-05 18:27:14.392615,-0.16,-0.17,1.05,-0.73,-2.3,1.04,31.1,49.0,941.56,614.72,S,,,3.6,309
167,1,2025-11-05 18:27:19.364610,-0.16,-0.17,1.06,-0.24,-2.44,1.44,31.1,49.0,941.57,614.67,S,,,3.6,310
168,1,2025-11-05 18:27:24.334661,-0.15,-0.17,1.06,-0.51,-2.23,1.3,31.1,49.0,941.51,615.14,S,,,3.6,311
169,1,2025-11-05 18:27:34.354734,-0.15,-0.16,1.04,-0.27,-2.6,1.33,31.1,50.0,941.53,615.01,S,,,3.61,312
170,1,2025-11-05 18:27:39.430747,-0.15,-0.18,1.05,-0.18,-2.52,1.3,31.1,50.0,941.54,614.89,S,,,3.61,313
171,1,2025-11-05 18:27:44.401906,-0.15,-0.17,1.06,-0.37,-2.57,1.3,31.1,49.0,941.51,615.21,S,,,3.58,314
172,1,2025-11-05 18:27:49.375867,-0.15,-0.17,1.05,-0.19,-2.22,1.37,31.1,49.0,941.48,615.45,S,,,3.62,315
173,1,2025-11-05 18:27:54.346000,-0.15,-0.17,1.05,-0.27,-2.37,1.45,31.1,50.0,941.49,615.33,S,,,3.62,316
174,1,2025-11-05 18:27:59.416831,-0.15,-0.17,1.05,-0.06,-2.4,1.31,31.1,50.0,941.51,615.21,S,,,3.61,317
175,1,2025-11-05 18:28:04.386148,-0.16,-0.18,1.06,-0.3,-2.29,1.47,31.1,50.0,941.5,615.3,S,,,3.59,318
176,1,2025-11-05 18:28:09.360940,-0.16,-0.17,1.06,-0.76,-2.33,1.11,31.0,50.0,941.48,615.44,S,,,3.56,319
177,1,2025-11-05 18:28:14.432196,-0.15,-0.16,1.06,0.25,-2.35,1.43,31.0,50.0,941.46,615.62,S,,,3.59,320
178,1,2025-11-05 18:28:19.361328,-0.15,-0.17,1.05,-0.31,-2.25,1.21,31.0,50.0,941.47,615.49,S,,,3.6,321
179,1,2025-11-05 18:28:24.433370,-0.15,-0.17,1.05,-0.54,-2.29,1.31,31.0,50.0,941.49,615.39,S,,,3.61,322
180,1,2025-11-05 18:28:29.402378,-0.15,-0.17,1.05,-0.13,-2.24,1.44,30.9,50.0,941.47,615.55,S,,,3.61,323
181,1,2025-11-05 18:28:34.371372,-0.16,-0.17,1.05,-0.37,-2.34,1.26,30.9,50.0,941.45,615.67,S,,,3.61,324
182,1,2025-11-05 18:28:39.342224,-0.16,-0.17,1.05,-0.48,-2.47,1.29,30.9,50.0,941.48,615.43,S,,,3.61,325
183,1,2025-11-05 18:28:44.412390,-0.15,-0.17,1.05,-0.38,-2.3,1.29,30.9,50.0,941.48,615.48,S,,,3.58,326
184,1,2025-11-05 18:28:49.381635,-0.15,-0.16,1.04,-0.3,-2.31,1.19,30.9,50.0,941.47,615.53,S,,,3.58,327
185,1,2025-11-05 18:28:54.352456,-0.15,-0.17,1.05,0.05,-2.37,1.32,30.9,50.0,941.45,615.69,S,,,3.55,328
186,1,2025-11-05 18:28:59.377502,-0.16,-0.18,1.05,-0.21,-2.29,1.3,30.9,50.0,941.44,615.8,S,,,3.58,329
187,1,2025-11-05 18:29:04.352775,-0.16,-0.17,1.06,-0.27,-2.25,1.34,30.9,50.0,941.44,615.79,S,,,3.58,330
188,1,2025-11-05 18:29:09.425618,-0.14,-0.16,1.05,-0.14,-2.15,1.27,30.9,50.0,941.46,615.63,S,,,3.54,331
189,1,2025-11-05 18:29:14.400726,-0.15,-0.17,1.05,-0.22,-2.21,1.3,30.9,50.0,941.42,616.0,S,,,3.54,332
190,1,2025-11-05 18:29:19.375934,-0.15,-0.17,1.05,-0.62,-2.2,1.39,30.9,50.0,941.42,615.95,S,,,3.51,333
191,1,2025-11-05 18:29:24.344623,-0.15,-0.17,1.05,-0.07,-2.33,1.42,30.9,50.0,941.41,616.04,S,,,3.52,334
192,1,2025-11-05 18:29:29.413931,-0.15,-0.17,1.06,-0.31,-2.27,1.34,30.9,50.0,941.43,615.87,S,,,3.56,335
193,1,2025-11-05 18:29:34.382951,-0.15,-0.17,1.05,-1.02,-2.4,1.02,30.9,50.0,941.42,616.0,S,,,3.5,336
194,1,2025-11-05 18:29:39.352960,-0.16,-0.17,1.05,0.07,-2.34,1.41,30.9,50.0,941.4,616.18,S,,,3.63,337
195,1,2025-11-05 18:29:44.378987,-0.16,-0.17,1.06,-0.55,-2.25,1.34,30.9,50.0,941.4,616.15,S,,,3.64,338
196,1,2025-11-05 18:29:49.349179,-0.15,-0.18,1.04,-0.56,-2.43,1.24,30.9,50.0,941.41,616.04,S,,,3.65,339
197,1,2025-11-05 18:29:54.425080,-0.16,-0.17,1.04,0.07,-2.15,1.32,30.9,50.0,941.42,615.96,S,,,3.65,340
198,1,2025-11-05 18:29:59.354160,-0.15,-0.18,1.06,-0.29,-2.52,1.23,30.9,50.0,941.44,615.79,S,,,3.62,341
199,1,2025-11-05 18:30:04.430435,-0.16,-0.17,1.06,-0.28,-2.16,1.34,30.9,50.0,941.43,615.92,S,,,3.64,342
200,1,2025-11-05 18:30:09.406272,-0.16,-0.18,1.05,-0.1,-2.44,1.37,30.9,50.0,941.4,616.13,S,,,3.67,343
201,1,2025-11-05 18:30:14.377144,-0.15,-0.18,1.05,-0.11,-2.21,1.36,30.9,50.0,941.43,615.88,S,,,3.67,344
202,1,2025-11-05 18:30:19.347431,-0.16,-0.18,1.05,-0.04,-2.27,1.5,31.0,50.0,941.42,615.93,S,,,3.67,345
203,1,2025-11-05 18:30:24.423548,-0.16,-0.17,1.06,-0.3,-2.38,1.24,31.0,50.0,941.4,616.13,S,,,3.63,346
204,1,2025-11-05 18:30:29.394434,-0.15,-0.17,1.05,-0.36,-2.27,1.38,31.0,50.0,941.4,616.15,S,,,3.64,347
205,1,2025-11-05 18:30:34.366565,-0.16,-0.17,1.05,-0.31,-2.3,1.25,31.0,50.0,941.42,615.94,S,,,3.64,348
206,1,2025-11-05 18:30:39.438345,-0.15,-0.17,1.06,-0.14,-2.35,1.33,31.0,50.0,941.44,615.8,S,,,3.66,349
207,1,2025-11-05 18:30:44.410450,-0.15,-0.16,1.05,-0.36,-2.26,1.32,31.0,50.0,941.42,616.0,S,,,3.66,350
208,1,2025-11-05 18:30:49.381630,-0.15,-0.17,1.05,-0.53,-2.48,1.21,31.0,50.0,941.36,616.48,S,,,3.66,351
209,1,2025-11-05 18:30:54.351731,-0.16,-0.18,1.05,-0.11,-2.21,1.33,31.0,50.0,941.34,616.63,S,,,3.67,352
210,1,2025-11-05 18:30:59.427793,-0.16,-0.17,1.04,-0.35,-2.5,1.48,31.0,50.0,941.37,616.45,S,,,3.67,353
211,1,2025-11-05 18:31:04.398892,-0.16,-0.18,1.05,-0.11,-2.5,1.26,31.1,50.0,941.39,616.21,S,,,3.67,354
212,1,2025-11-05 18:31:09.372861,-0.16,-0.17,1.05,-0.2,-2.27,1.08,31.1,50.0,941.37,616.38,S,,,3.63,355
213,1,2025-11-05 18:31:14.343933,-0.16,-0.17,1.05,-0.12,-2.24,1.25,31.1,50.0,941.36,616.46,S,,,3.66,356
214,1,2025-11-05 18:31:19.413911,-0.15,-0.17,1.05,-0.37,-2.21,1.37,31.1,50.0,941.39,616.21,S,,,3.61,357
215,1,2025-11-05 18:31:24.382956,-0.15,-0.18,1.06,-0.23,-2.31,1.37,31.1,50.0,941.41,616.02,S,,,3.62,358
216,1,2025-11-05 18:31:29.353996,-0.15,-0.18,1.05,0.26,-2.35,1.24,31.0,50.0,941.41,616.04,S,,,3.62,359
217,1,2025-11-05 18:31:34.385078,-0.16,-0.18,1.05,-0.35,-2.27,1.33,31.0,50.0,941.38,616.34,S,,,3.63,360
218,1,2025-11-05 18:31:39.356046,-0.16,-0.17,1.05,-0.18,-2.27,1.23,31.0,50.0,941.37,616.38,S,,,3.66,361
219,1,2025-11-05 18:31:44.428153,-0.16,-0.16,1.05,-0.12,-2.32,1.44,31.0,50.0,941.38,616.33,S,,,3.66,362
220,1,2025-11-05 18:31:49.398240,-0.15,-0.17,1.05,-0.44,-2.24,1.2,31.0,50.0,941.38,616.32,S,,,3.66,363
221,1,2025-11-05 18:31:54.373045,-0.15,-0.17,1.05,-0.08,-2.45,1.33,31.0,50.0,941.38,616.33,S,,,3.63,364
222,1,2025-11-05 18:31:59.443142,-0.15,-0.17,1.05,-0.05,-2.31,1.31,30.9,50.0,941.37,616.39,S,,,3.67,365
223,1,2025-11-05 18:32:04.412422,-0.16,-0.17,1.05,0.3,-2.33,1.36,30.9,50.0,941.39,616.22,S,,,3.64,366
224,1,2025-11-05 18:32:09.437376,-0.15,-0.17,1.05,-0.12,-2.43,1.33,30.9,50.0,941.39,616.2,S,,,3.64,367
225,1,2025-11-05 18:32:14.409364,-0.16,-0.18,1.05,-0.27,-2.27,1.36,30.9,50.0,941.4,616.17,S,,,3.62,368
226,1,2025-11-05 18:32:19.384516,-0.15,-0.17,1.05,0.05,-2.45,1.55,30.9,50.0,941.38,616.33,S,,,3.62,369
227,1,2025-11-05 18:32:24.413347,-0.16,-0.18,1.05,-0.07,-2.51,1.31,30.9,50.0,941.35,616.62,S,,,3.65,370
228,1,2025-11-05 18:32:29.388539,-0.15,-0.17,1.04,-0.21,-2.28,1.43,30.9,50.0,941.36,616.47,S,,,3.66,371
229,1,2025-11-05 18:32:34.363715,-0.16,-0.17,1.05,-0.44,-2.37,1.27,30.9,50.0,941.35,616.56,S,,,3.66,372
230,1,2025-11-05 18:32:39.436586,-0.15,-0.18,1.05,0.84,-2.44,1.45,30.9,50.0,941.34,616.68,S,,,3.64,373
231,1,2025-11-05 18:32:44.365593,-0.15,-0.16,1.05,0.08,-2.35,1.37,30.8,50.0,941.33,616.77,S,,,3.63,374
232,1,2025-11-05 18:32:49.390759,-0.15,-0.17,1.05,-0.14,-2.37,1.27,30.8,50.0,941.34,616.66,S,,,3.64,375
233,1,2025-11-05 18:32:54.361791,-0.15,-0.17,1.06,-0.25,-2.37,1.28,30.8,50.0,941.36,616.5,S,,,3.65,376
234,1,2025-11-05 18:32:59.432630,-0.15,-0.18,1.06,0.07,-2.33,1.45,30.8,50.0,941.38,616.35,S,,,3.65,377
235,1,2025-11-05 18:33:04.357799,-0.15,-0.18,1.05,-0.4,-2.32,1.34,30.8,50.0,941.34,616.67,S,,,3.62,378
236,1,2025-11-05 18:33:09.428763,-0.16,-0.17,1.05,0.06,-2.26,1.31,30.8,50.0,941.32,616.85,S,,,3.66,379
237,1,2025-11-05 18:33:14.358763,-0.15,-0.17,1.05,-0.31,-2.31,1.24,30.8,50.0,941.35,616.63,S,,,3.66,380
238,1,2025-11-05 18:33:19.431081,-0.16,-0.17,1.05,-0.01,-2.33,1.3,30.8,50.0,941.37,616.41,S,,,3.66,381
239,1,2025-11-05 18:33:24.401081,-0.15,-0.17,1.06,-0.22,-2.42,1.24,30.7,50.0,941.35,616.59,S,,,3.62,382
240,1,2025-11-05 18:33:29.377193,-0.15,-0.16,1.05,-0.3,-2.22,1.21,30.7,51.0,941.35,616.6,S,,,3.63,383
241,1,2025-11-05 18:33:34.351004,-0.15,-0.17,1.06,-0.2,-2.37,1.27,30.7,51.0,941.34,616.64,S,,,3.66,384
242,1,2025-11-05 18:33:39.423222,-0.15,-0.17,1.05,-0.21,-2.31,1.35,30.7,51.0,941.4,616.14,S,,,3.64,385
243,1,2025-11-05 18:33:44.393260,-0.16,-0.18,1.06,-0.4,-2.38,1.24,30.7,51.0,941.38,616.29,S,,,3.64,386
244,1,2025-11-05 18:33:49.369301,-0.15,-0.16,1.05,-0.13,-2.43,1.44,30.7,51.0,941.38,616.36,S,,,3.62,387
245,1,2025-11-05 18:33:54.445286,-0.15,-0.17,1.05,0.37,-2.33,1.56,30.6,50.0,941.38,616.34,S,,,3.66,388
246,1,2025-11-05 18:33:59.377543,-0.16,-0.17,1.06,0.02,-2.37,1.24,30.6,50.0,941.38,616.34,S,,,3.65,389
247,1,2025-11-05 18:34:04.403459,-0.16,-0.17,1.05,-0.11,-2.34,1.18,30.6,50.0,941.38,616.33,S,,,3.65,390
248,1,2025-11-05 18:34:09.373339,-0.15,-0.16,1.05,-0.43,-2.37,1.31,30.6,51.0,941.39,616.26,S,,,3.62,391
249,1,2025-11-05 18:34:14.449346,-0.16,-0.17,1.06,-0.12,-2.27,1.45,30.6,51.0,941.37,616.37,S,,,3.66,392
250,1,2025-11-05 18:34:19.425373,-0.15,-0.17,1.05,-0.19,-2.37,1.29,30.6,51.0,941.37,616.44,S,,,3.66,393
251,1,2025-11-05 18:34:24.397681,-0.15,-0.17,1.06,-0.24,-2.31,1.37,30.6,51.0,941.39,616.19,S,,,3.61,394
252,1,2025-11-05 18:34:29.367700,-0.15,-0.17,1.06,-0.21,-2.32,1.5,30.6,51.0,941.41,616.07,S,,,3.65,395
253,1,2025-11-05 18:34:34.437709,-0.15,-0.17,1.06,-0.16,-2.27,1.34,30.6,51.0,941.38,616.37,S,,,3.66,396
254,1,2025-11-05 18:34:39.405731,-0.16,-0.17,1.05,-0.17,-2.24,1.3,30.6,51.0,941.36,616.54,S,,,3.65,397
255,1,2025-11-05 18:34:44.376944,-0.16,-0.17,1.06,-0.27,-2.23,1.23,30.6,50.0,941.39,616.21,S,,,3.64,398
256,1,2025-11-05 18:34:49.350856,-0.16,-0.17,1.06,0.02,-2.34,1.27,30.7,50.0,941.4,616.1,S,,,3.62,399
257,1,2025-11-05 18:34:54.382821,-0.16,-0.16,1.04,-0.43,-2.34,1.41,30.7,50.0,941.4,616.18,S,,,3.66,400
258,1,2025-11-05 18:34:59.354042,-0.16,-0.17,1.05,-0.24,-2.05,1.36,30.7,50.0,941.38,616.33,S,,,3.62,401
259,1,2025-11-05 18:35:04.426054,-0.16,-0.17,1.05,-0.23,-2.26,1.11,30.7,50.0,941.38,616.34,S,,,3.65,402
260,1,2025-11-05 18:35:09.394887,-0.16,-0.17,1.05,-0.18,-2.35,1.35,30.7,50.0,941.39,616.22,S,,,3.62,403
261,1,2025-11-05 18:35:14.362963,-0.15,-0.17,1.05,-0.4,-2.39,1.33,30.7,50.0,941.4,616.16,S,,,3.63,404
262,1,2025-11-05 18:35:19.433108,-0.15,-0.17,1.05,-0.28,-2.27,1.27,30.7,50.0,941.38,616.28,S,,,3.61,405
263,1,2025-11-05 18:35:24.403145,-0.15,-0.18,1.05,-0.18,-2.36,1.23,30.7,50.0,941.38,616.35,S,,,3.64,406
264,1,2025-11-05 18:35:29.372301,-0.16,-0.17,1.06,-0.45,-2.45,1.33,30.7,50.0,941.4,616.17,S,,,3.66,407
265,1,2025-11-05 18:35:34.448158,-0.16,-0.17,1.05,-0.24,-2.28,1.36,30.7,50.0,941.41,616.09,S,,,3.62,408
266,1,2025-11-05 18:35:39.418355,-0.16,-0.17,1.05,-0.38,-2.42,1.18,30.7,50.0,941.41,616.03,S,,,3.65,409
267,1,2025-11-05 18:35:44.387323,-0.16,-0.17,1.05,-0.03,-2.47,1.24,30.7,50.0,941.39,616.23,S,,,3.62,410
268,1,2025-11-05 18:35:49.355569,-0.15,-0.17,1.06,-0.24,-2.39,1.34,30.7,50.0,941.39,616.28,S,,,3.66,411
269,1,2025-11-05 18:35:54.428550,-0.15,-0.17,1.05,-0.18,-2.42,1.31,30.7,49.0,941.39,616.23,S,,,3.66,412
270,1,2025-11-05 18:35:59.402463,-0.15,-0.17,1.05,-0.04,-2.27,1.22,30.7,49.0,941.38,616.32,S,,,3.61,413
271,1,2025-11-05 18:36:04.371536,-0.16,-0.17,1.05,-0.34,-2.29,1.3,30.7,49.0,941.37,616.44,S,,,3.64,414
272,1,2025-11-05 18:36:09.441413,-0.15,-0.18,1.05,-0.24,-2.57,1.34,30.7,49.0,941.37,616.39,S,,,3.62,415
273,1,2025-11-05 18:36:14.416852,-0.16,-0.17,1.06,-0.23,-2.38,1.22,30.7,49.0,941.38,616.28,S,,,3.64,416
274,1,2025-11-05 18:36:19.391844,-0.16,-0.17,1.05,-0.25,-2.25,1.42,30.7,49.0,941.4,616.15,S,,,3.65,417
275,1,2025-11-05 18:36:24.362790,-0.15,-0.17,1.05,-0.45,-2.22,1.23,30.7,49.0,941.4,616.16,S,,,3.61,418
276,1,2025-11-05 18:36:29.433750,-0.15,-0.18,1.05,-0.24,-2.2,1.24,30.7,49.0,941.39,616.24,S,,,3.62,419
277,1,2025-11-05 18:36:34.403716,-0.16,-0.17,1.06,-0.16,-2.43,1.38,30.7,49.0,941.33,616.76,S,,,3.62,420
278,1,2025-11-05 18:36:39.378857,-0.16,-0.17,1.05,-0.29,-2.28,1.18,30.7,49.0,941.36,616.48,S,,,3.66,421
279,1,2025-11-05 18:36:44.450007,-0.15,-0.17,1.05,-0.25,-2.34,1.32,30.7,49.0,941.38,616.28,S,,,3.66,422
280,1,2025-11-05 18:36:49.420025,-0.15,-0.16,1.05,-0.18,-2.31,1.27,30.7,49.0,941.39,616.25,S,,,3.63,423
281,1,2025-11-05 18:36:54.390873,-0.15,-0.17,1.05,-0.24,-2.31,1.34,30.7,49.0,941.38,616.35,S,,,3.61,424
282,1,2025-11-05 18:36:59.361041,-0.15,-0.17,1.05,-0.15,-2.35,1.12,30.6,49.0,941.37,616.38,S,,,3.61,425
283,1,2025-11-05 18:37:04.432054,-0.15,-0.17,1.05,-0.24,-2.27,1.29,30.6,49.0,941.38,616.31,S,,,3.65,426
284,1,2025-11-05 18:37:09.401120,-0.16,-0.17,1.06,-0.32,-2.32,1.27,30.6,49.0,941.39,616.19,S,,,3.65,427
285,1,2025-11-05 18:37:14.372262,-0.15,-0.17,1.06,-0.18,-2.34,1.26,30.6,49.0,941.36,616.47,S,,,3.65,428
286,1,2025-11-05 18:37:19.443343,-0.15,-0.17,1.06,-0.37,-2.39,1.34,30.6,49.0,941.36,616.49,S,,,3.66,429
287,1,2025-11-05 18:37:24.412456,-0.16,-0.18,1.06,-0.03,-2.51,1.18,30.6,48.0,941.38,616.31,S,,,3.62,430
288,1,2025-11-05 18:37:29.387264,-0.15,-0.17,1.04,-0.12,-2.33,1.21,30.6,48.0,941.38,616.34,S,,,3.65,431
289,1,2025-11-05 18:37:34.362502,-0.15,-0.17,1.05,-0.27,-2.2,1.39,30.6,48.0,941.38,616.29,S,,,3.63,432
290,1,2025-11-05 18:37:39.433520,-0.16,-0.17,1.05,-0.27,-2.52,1.29,30.6,48.0,941.37,616.37,S,,,3.63,433
291,1,2025-11-05 18:37:44.403576,-0.15,-0.18,1.05,-0.37,-2.24,1.27,30.6,48.0,941.34,616.72,S,,,3.61,434
292,1,2025-11-05 18:37:49.378687,-0.16,-0.17,1.05,-0.16,-2.31,1.3,30.6,48.0,941.38,616.36,S,,,3.65,435
293,1,2025-11-05 18:37:54.455594,-0.16,-0.17,1.05,-0.4,-2.35,1.16,30.6,48.0,941.4,616.18,S,,,3.64,436
294,1,2025-11-05 18:37:59.424471,-0.16,-0.17,1.05,-0.15,-2.42,1.22,30.6,48.0,941.37,616.4,S,,,3.66,437
295,1,2025-11-05 18:38:04.392671,-0.15,-0.17,1.05,-0.38,-2.29,1.23,30.6,48.0,941.37,616.44,S,,,3.62,438
296,1,2025-11-05 18:38:09.361640,-0.16,-0.16,1.05,-0.26,-2.35,1.2,30.6,48.0,941.36,616.52,S,,,3.65,439
297,1,2025-11-05 18:38:14.437724,-0.15,-0.17,1.05,-0.06,-2.34,1.27,30.6,48.0,941.4,616.18,S,,,3.66,440
298,1,2025-11-05 18:38:19.412808,-0.15,-0.17,1.05,-0.12,-2.36,1.23,30.6,48.0,941.41,616.06,S,,,3.66,441
299,1,2025-11-05 18:38:24.381749,-0.15,-0.16,1.05,-0.57,-2.32,1.12,30.6,48.0,941.38,616.36,S,,,3.63,442
300,1,2025-11-05 18:38:29.452906,-0.15,-0.17,1.05,-0.24,-2.27,1.08,30.6,48.0,941.37,616.42,S,,,3.63,443
301,1,2025-11-05 18:38:34.422784,-0.16,-0.17,1.05,-0.18,-2.34,1.31,30.6,48.0,941.38,616.35,S,,,3.61,444
302,1,2025-11-05 18:38:39.393026,-0.16,-0.17,1.06,-0.24,-2.51,1.21,30.6,48.0,941.4,616.18,S,,,3.65,445
303,1,2025-11-05 18:38:44.363097,-0.16,-0.17,1.04,0.1,-2.24,1.4,30.6,48.0,941.39,616.27,S,,,3.64,446
304,1,2025-11-05 18:38:49.387200,-0.15,-0.18,1.04,-0.18,-2.3,1.22,30.6,48.0,941.39,616.22,S,,,3.65,447
305,1,2025-11-05 18:38:54.362191,-0.15,-0.18,1.06,-0.2,-2.18,1.48,30.6,48.0,941.4,616.17,S,,,3.62,448
306,1,2025-11-05 18:38:59.434334,-0.15,-0.18,1.04,-0.11,-2.34,1.25,30.5,48.0,941.41,616.04,S,,,3.65,449
307,1,2025-11-05 18:39:04.408131,-0.15,-0.17,1.06,-0.27,-2.31,1.37,30.5,48.0,941.38,616.29,S,,,3.66,450
308,1,2025-11-05 18:39:09.379277,-0.16,-0.17,1.05,-0.19,-2.37,1.32,30.5,48.0,941.39,616.25,S,,,3.63,451
309,1,2025-11-05 18:39:14.452495,-0.16,-0.17,1.05,-0.29,-2.33,1.13,30.5,48.0,941.39,616.24,S,,,3.61,452
310,1,2025-11-05 18:39:19.421242,-0.15,-0.17,1.05,-0.21,-2.29,1.24,30.5,48.0,941.4,616.16,S,,,3.61,453
311,1,2025-11-05 18:39:24.390344,-0.15,-0.17,1.05,-0.27,-2.3,1.32,30.5,48.0,941.42,615.98,S,,,3.64,454
312,1,2025-11-05 18:39:29.461476,-0.15,-0.17,1.06,-0.4,-2.34,1.32,30.5,48.0,941.4,616.17,S,,,3.61,455
313,1,2025-11-05 18:39:34.430617,-0.16,-0.17,1.05,-0.31,-2.24,1.47,30.5,48.0,941.4,616.17,S,,,3.64,456
314,1,2025-11-05 18:39:39.402675,-0.16,-0.17,1.06,-0.21,-2.39,1.22,30.5,48.0,941.43,615.92,S,,,3.62,457
315,1,2025-11-05 18:39:44.372620,-0.16,-0.17,1.05,-0.08,-2.33,1.42,30.5,48.0,941.42,615.94,S,,,3.62,458
316,1,2025-11-05 18:39:49.443589,-0.15,-0.17,1.05,-0.03,-2.52,1.42,30.5,48.0,941.44,615.82,S,,,3.65,459
317,1,2025-11-05 18:39:54.413666,-0.15,-0.17,1.05,-0.16,-2.47,1.25,30.6,48.0,941.4,616.14,S,,,3.65,460
318,1,2025-11-05 18:39:59.384671,-0.16,-0.17,1.05,-0.31,-2.36,1.32,30.6,48.0,941.39,616.21,S,,,3.63,461
319,1,2025-11-05 18:40:04.455882,-0.15,-0.17,1.05,-0.21,-2.21,1.21,30.6,48.0,941.4,616.11,S,,,3.6,462
320,1,2025-11-05 18:40:09.426055,-0.16,-0.17,1.05,-0.14,-2.29,1.2,30.6,48.0,941.43,615.92,S,,,3.64,463
321,1,2025-11-05 18:40:14.395903,-0.15,-0.17,1.05,-0.09,-2.45,1.31,30.6,48.0,941.41,616.02,S,,,3.64,464
322,1,2025-11-05 18:40:19.365873,-0.3,-0.15,1.04,-4.16,-1.19,1.5,30.7,48.0,941.42,615.94,S,,,3.61,465
323,1,2025-11-05 18:40:24.444018,-0.15,-0.17,1.06,-0.19,-2.34,1.16,30.7,48.0,941.45,615.69,S,,,3.65,466
324,1,2025-11-05 18:40:29.419028,-0.16,-0.17,1.05,-0.22,-2.52,1.37,30.7,48.0,941.46,615.61,S,,,3.62,467
325,1,2025-11-05 18:40:34.392129,-0.15,-0.18,1.05,-0.08,-2.34,1.36,30.7,48.0,941.47,615.54,S,,,3.65,468
326,1,2025-11-05 18:40:39.366923,-0.16,-0.17,1.06,-0.31,-2.11,1.27,30.8,48.0,941.45,615.68,S,,,3.62,469
327,1,2025-11-05 18:40:44.445174,-0.15,-0.18,1.06,-0.32,-2.39,1.3,30.8,48.0,941.44,615.76,S,,,3.63,470
328,1,2025-11-05 18:40:49.420159,-0.16,-0.17,1.06,-0.26,-2.33,1.28,30.8,48.0,941.49,615.32,S,,,3.61,471
329,1,2025-11-05 18:40:54.395176,-0.16,-0.17,1.06,-0.36,-2.33,1.34,30.8,48.0,941.51,615.17,S,,,3.64,472
330,1,2025-11-05 18:41:18.252493,-0.15,-0.18,1.06,-0.18,-2.3,1.35,30.8,49.0,941.47,615.48,S,,,3.64,473
331,1,2025-11-05 18:41:23.226632,-0.16,-0.18,1.05,-0.03,-2.17,1.36,30.8,49.0,941.5,615.28,S,,,3.66,474
332,1,2025-11-05 18:41:28.301671,-0.16,-0.18,1.05,-0.26,-2.29,1.29,30.8,49.0,941.53,614.97,S,-23.164154,-45.793105,3.66,475
333,1,2025-11-05 18:41:33.270527,-0.15,-0.18,1.04,0.01,-2.21,1.45,30.8,49.0,941.56,614.71,S,-23.164153,-45.793107,3.66,476
334,1,2025-11-05 18:41:38.242776,-0.15,-0.19,1.04,-0.18,-2.13,1.3,30.8,49.0,941.55,614.82,S,-23.164153,-45.79311,3.65,477
335,1,2025-11-05 18:41:43.316700,-0.15,-0.18,1.04,-0.05,-2.44,1.44,30.8,48.0,941.54,614.9,S,-23.164153,-45.79311,3.65,478
336,1,2025-11-05 18:41:48.286827,-0.16,-0.17,1.04,-0.36,-2.3,1.31,30.8,48.0,941.54,614.93,S,-23.164153,-45.79311,3.64,479
337,1,2025-11-05 18:41:53.261768,-0.16,-0.17,1.05,-0.29,-2.45,1.23,30.8,48.0,941.58,614.52,S,-23.164153,-45.79311,3.65,480
338,1,2025-11-05 18:41:58.333043,-0.15,-0.18,1.04,-0.4,-2.32,1.29,30.8,48.0,941.61,614.26,S,-23.164154,-45.793109,3.62,481
339,1,2025-11-05 18:42:03.307823,-0.15,-0.18,1.04,-0.37,-2.21,1.34,30.8,48.0,941.59,614.42,S,-23.164155,-45.793108,3.66,482
340,1,2025-11-05 18:42:08.276798,-0.15,-0.17,1.05,-0.1,-2.47,1.36,30.8,48.0,941.59,614.51,S,-23.164156,-45.793108,3.64,483
341,1,2025-11-05 18:42:13.249040,-0.15,-0.17,1.05,-0.17,-2.11,1.34,30.8,48.0,941.57,614.66,S,-23.164156,-45.793108,3.66,484
342,1,2025-11-05 18:42:18.319022,-0.16,-0.18,1.05,-0.09,-2.07,1.24,30.8,48.0,941.59,614.48,S,-23.164156,-45.793108,3.66,485
343,1,2025-11-05 18:42:23.294041,-0.16,-0.17,1.05,-0.29,-2.12,1.41,30.8,48.0,941.58,614.55,S,-23.164157,-45.793108,3.64,486
344,1,2025-11-05 18:42:28.264124,-0.15,-0.19,1.04,-0.24,-2.4,1.39,30.7,48.0,941.56,614.7,S,-23.164158,-45.793107,3.64,487
345,1,2025-11-05 18:42:33.241077,-0.15,-0.19,1.05,0.08,-2.48,1.27,30.7,48.0,941.56,614.77,S,-23.164158,-45.793108,3.65,488
346,1,2025-11-05 18:42:38.312145,-0.15,-0.18,1.04,-0.38,-2.4,1.28,30.7,48.0,941.59,614.46,S,-23.164158,-45.793108,3.66,489
347,1,2025-11-05 18:42:53.284326,-0.15,-0.18,1.04,0.18,-2.17,1.6,30.6,48.0,941.58,614.56,S,-23.164158,-45.793107,3.66,490
348,1,2025-11-05 18:42:58.261464,-0.16,-0.18,1.05,-0.97,-2.36,1.0,30.6,48.0,941.59,614.49,S,-23.164158,-45.793108,3.66,491
349,1,2025-11-05 18:43:03.334340,-0.15,-0.18,1.05,-0.31,-2.28,1.33,30.6,48.0,941.6,614.36,S,-23.164158,-45.793108,3.66,492
350,1,2025-11-05 18:43:08.304511,-0.15,-0.19,1.05,-0.01,-2.18,1.34,30.6,48.0,941.6,614.37,S,-23.164158,-45.793109,3.64,493
351,1,2025-11-05 18:43:13.275552,-0.15,-0.18,1.04,-0.33,-2.29,1.16,30.6,48.0,941.6,614.36,S,-23.164158,-45.79311,3.63,494
352,1,2025-11-05 18:43:18.246616,-0.15,-0.18,1.05,0.15,-2.39,1.46,30.6,48.0,941.59,614.43,S,-23.164158,-45.79311,3.65,495
353,1,2025-11-05 18:43:23.317701,-0.16,-0.19,1.06,-0.13,-2.44,1.49,30.5,48.0,941.62,614.23,S,-23.164158,-45.793109,3.64,496
354,1,2025-11-05 18:43:33.243875,-0.15,-0.19,1.05,-0.33,-2.27,1.23,30.5,48.0,941.61,614.27,S,-23.164158,-45.793109,3.66,497
355,1,2025-11-05 18:43:38.316912,-0.15,-0.18,1.05,0.02,-2.35,1.4,30.5,48.0,941.61,614.29,S,-23.164157,-45.793108,3.66,498
356,1,2025-11-05 18:43:48.338732,-0.15,-0.18,1.06,-0.24,-2.21,1.21,30.4,49.0,941.65,613.96,S,-23.164157,-45.793108,3.66,499
357,1,2025-11-05 18:44:18.265287,-0.16,-0.18,1.05,-0.12,-2.44,1.22,30.4,50.0,941.66,613.84,S,-23.164158,-45.79311,3.62,500
358,1,2025-11-05 18:44:33.341338,-0.14,-0.17,1.04,-0.21,-2.47,1.34,30.5,50.0,941.7,613.54,S,-23.164158,-45.79311,3.66,501
359,1,2025-11-05 18:44:38.318386,-0.15,-0.18,1.05,-0.29,-2.35,1.25,30.5,50.0,941.67,613.77,S,-23.164157,-45.79311,3.66,502
360,1,2025-11-05 18:44:48.242326,-0.16,-0.19,1.05,0.51,-2.4,1.45,30.5,49.0,941.64,614.07,S,-23.164158,-45.793109,3.63,503
361,1,2025-11-05 18:44:58.270510,-0.15,-0.18,1.05,0.12,-2.33,1.43,30.5,49.0,941.67,613.78,S,-23.164158,-45.793109,3.61,504
362,1,2025-11-05 18:45:03.346550,-0.15,-0.18,1.04,-0.13,-2.39,1.16,30.5,49.0,941.66,613.86,S,-23.164159,-45.793109,3.65,505
363,1,2025-11-05 18:45:13.265820,-0.16,-0.18,1.05,-0.39,-2.41,1.29,30.5,48.0,941.68,613.71,S,-23.164159,-45.793109,3.65,506
364,1,2025-11-05 18:45:18.341728,-0.15,-0.19,1.05,-0.27,-2.3,1.3,30.5,48.0,941.68,613.63,S,-23.164159,-45.793109,3.65,507
365,1,2025-11-05 18:45:23.317700,-0.15,-0.18,1.05,0.08,-2.39,1.26,30.5,48.0,941.65,613.9,S,-23.164159,-45.793109,3.65,508
366,1,2025-11-05 18:45:33.338928,-0.15,-0.19,1.05,-0.53,-2.07,1.29,30.5,48.0,941.64,614.06,S,-23.16416,-45.793109,3.61,509
367,1,2025-11-05 18:45:43.260071,-0.15,-0.19,1.05,-0.08,-2.45,1.39,30.5,48.0,941.67,613.74,S,-23.16416,-45.793109,3.63,510
368,1,2025-11-05 18:45:53.279174,-0.16,-0.18,1.06,-0.08,-2.33,1.43,30.5,48.0,941.65,613.96,S,-23.16416,-45.793109,3.62,511
369,1,2025-11-05 18:45:58.255080,-0.2,-0.22,1.3,1.03,-1.15,1.24,30.5,48.0,941.67,613.77,S,-23.16416,-45.793109,3.51,512
370,1,2025-11-05 18:46:03.332265,-0.14,-0.29,1.06,-6.03,-1.61,0.24,30.5,48.0,941.68,613.64,S,-23.16416,-45.793109,3.56,513
371,1,2025-11-05 18:46:08.307286,-0.14,-0.2,1.04,-1.94,-2.61,-0.92,30.4,48.0,941.68,613.66,S,-23.16416,-45.793109,3.59,514
372,1,2025-11-05 18:46:13.281262,-0.15,-0.22,1.04,0.41,-2.79,2.11,30.4,49.0,941.67,613.74,S,-23.16416,-45.793109,3.6,515
373,1,2025-11-05 18:46:18.257347,-0.18,-0.27,1.1,-4.33,-0.78,1.48,30.3,49.0,941.7,613.45,S,-23.164164,-45.793111,3.57,516
374,1,2025-11-05 18:46:23.336409,-0.02,-0.15,1.03,-1.17,-2.65,-0.04,30.3,49.0,941.71,613.43,S,-23.164164,-45.793111,3.58,517
375,1,2025-11-05 18:46:28.311242,-0.11,-0.27,1.01,-0.32,1.08,0.57,30.3,50.0,941.72,613.28,O,-23.164162,-45.79311,3.52,518
376,1,2025-11-05 18:46:33.287276,-0.21,-0.25,0.92,3.54,-0.91,5.0,30.3,50.0,941.72,613.36,S,-23.164162,-45.79311,3.6,519
377,1,2025-11-05 18:46:38.262297,-0.12,-0.24,1.07,-5.48,-0.87,-1.14,30.4,50.0,941.72,613.3,S,-23.164162,-45.793111,3.58,520
378,1,2025-11-05 18:46:43.340419,-0.14,-0.22,1.05,-1.87,-1.66,0.37,30.4,50.0,941.73,613.21,S,-23.164162,-45.793111,3.58,521
379,1,2025-11-05 18:46:53.265576,-0.14,-0.23,1.06,2.84,-10.05,-5.89,30.4,50.0,941.73,613.19,S,-23.164162,-45.793111,3.58,522
380,1,2025-11-05 18:46:58.337784,-0.19,-0.14,1.06,-0.29,-2.89,0.89,30.5,50.0,941.74,613.15,S,-23.164161,-45.79311,3.6,523
381,1,2025-11-05 18:47:07.353804,-0.14,-0.24,1.04,1.41,-3.14,2.24,30.5,48.0,941.68,613.68,S,,,3.6,524
382,1,2025-11-05 18:47:12.332855,-0.13,-0.2,1.03,-2.42,-2.18,0.44,30.5,48.0,941.69,613.55,S,-23.164156,-45.793095,3.61,525
383,1,2025-11-05 18:47:17.408825,-0.12,-0.15,1.05,-14.44,0.11,-2.6,30.5,48.0,941.71,613.37,S,-23.164156,-45.793095,3.62,526
384,1,2025-11-05 18:47:37.431904,-0.36,0.07,1.09,6.27,-21.01,-23.68,30.5,49.0,941.78,612.78,S,-23.164156,-45.793095,3.61,527
385,1,2025-11-05 18:47:42.408978,-0.29,0.11,0.78,12.63,3.92,-22.95,30.5,49.0,941.85,612.13,S,-23.164156,-45.793095,3.62,528
386,1,2025-11-05 18:47:47.382193,-0.01,-0.15,1.07,-8.44,22.82,74.34,30.5,49.0,941.92,611.52,S,-23.164156,-45.793095,3.62,529
387,1,2025-11-05 18:47:52.359320,-0.39,0.19,0.95,-0.87,-17.85,-9.38,30.5,49.0,941.96,611.24,L,-23.164156,-45.793095,3.56,530
388,1,2025-11-05 18:48:02.387161,0.33,-0.25,0.98,-10.52,-4.1,-8.69,30.6,49.0,942.01,610.75,S,-23.164156,-45.793095,3.55,531
389,1,2025-11-05 18:48:07.366267,0.31,-0.15,1.03,-3.6,-3.34,4.62,30.6,49.0,942.03,610.57,S,-23.164156,-45.793095,3.55,532
390,1,2025-11-05 18:48:12.341401,0.38,-0.44,0.93,-0.8,0.31,16.41,30.6,50.0,942.01,610.75,S,-23.164156,-45.793095,3.58,533
391,1,2025-11-05 18:48:17.418403,0.13,0.07,1.05,-3.4,4.56,5.66,30.7,50.0,942.0,610.8,O,-23.164156,-45.793095,3.55,534
392,1,2025-11-05 18:48:22.397809,-0.2,-0.85,0.51,-8.83,6.07,7.66,30.7,50.0,942.0,610.86,O,-23.164156,-45.793095,3.64,535
393,1,2025-11-05 18:48:27.374332,-0.46,-0.75,0.36,-5.08,5.75,3.97,30.8,50.0,942.04,610.5,O,-23.164156,-45.793095,3.64,536
394,1,2025-11-05 18:48:32.352505,-0.44,-0.71,0.67,7.65,-9.04,-3.59,30.8,50.0,942.05,610.38,O,-23.164156,-45.793095,3.64,537
395,1,2025-11-05 18:48:42.377729,-0.63,0.08,0.66,50.51,29.63,106.98,30.9,51.0,942.03,610.61,S,-23.164156,-45.793095,3.62,538
396,1,2025-11-05 18:48:47.355642,0.06,-0.55,0.96,-56.66,8.3,89.63,30.9,51.0,942.03,610.57,O,-23.164156,-45.793095,3.62,539
397,1,2025-11-05 18:48:57.383757,-0.53,-0.04,1.01,-15.7,112.95,22.85,31.0,51.0,942.04,610.53,O,-23.164156,-45.793095,3.62,540
398,1,2025-11-05 18:49:12.359796,-0.67,-0.19,0.7,0.93,-3.54,9.69,31.1,49.0,942.02,610.67,O,-23.164156,-45.793095,3.62,541
399,1,2025-11-05 18:49:17.338901,-0.62,-0.16,0.76,-13.0,-6.14,-3.69,31.1,49.0,942.05,610.37,O,-23.164156,-45.793095,3.63,542
400,1,2025-11-05 18:49:22.415071,-0.65,-0.35,0.69,-40.66,9.94,16.67,31.1,48.0,942.01,610.72,O,-23.164156,-45.793095,3.61,543
401,1,2025-11-05 18:49:27.391183,-0.72,-0.11,0.7,3.85,-6.76,13.62,31.1,48.0,942.01,610.78,O,-23.164156,-45.793095,3.61,544
402,1,2025-11-05 18:49:47.417318,-0.42,-0.01,1.0,1.07,4.81,3.14,31.2,47.0,942.03,610.54,S,-23.164156,-45.793095,3.62,545
403,1,2025-11-05 18:49:52.394398,-0.43,-0.04,0.92,-4.09,3.82,2.88,31.2,47.0,942.01,610.72,S,-23.164156,-45.793095,3.63,546
404,1,2025-11-05 18:49:57.367393,-0.49,-0.08,0.89,-3.52,-2.46,-7.01,31.2,47.0,942.04,610.53,S,-23.164156,-45.793095,3.62,547
405,1,2025-11-05 18:50:07.391472,-0.21,0.06,1.1,-5.32,-17.31,-17.42,31.3,47.0,942.06,610.35,S,-23.164156,-45.793095,3.62,548
406,1,2025-11-05 18:50:12.370573,-0.31,-0.09,1.01,-3.36,1.4,9.42,31.3,47.0,942.04,610.48,S,-23.164156,-45.793095,3.61,549
407,1,2025-11-05 18:50:17.344396,-0.28,0.04,1.08,0.81,8.66,38.75,31.3,47.0,942.07,610.21,L,-23.164156,-45.793095,3.61,550
408,1,2025-11-05 18:50:22.422442,-0.68,0.1,0.78,-7.64,0.24,6.25,31.3,47.0,942.1,610.0,S,-23.164156,-45.793095,3.61,551
409,1,2025-11-05 18:50:27.396681,-0.59,0.15,0.81,4.95,-5.38,2.05,31.3,47.0,942.08,610.14,S,-23.164156,-45.793095,3.62,552
410,1,2025-11-05 18:50:37.422590,-0.37,0.11,0.81,-19.68,-5.85,9.79,31.3,47.0,942.07,610.22,S,-23.164156,-45.793095,3.6,553
411,1,2025-11-05 18:50:42.397676,-0.42,0.16,0.8,16.86,-2.2,-25.74,31.3,48.0,942.09,610.07,L,-23.164156,-45.793095,3.62,554
412,1,2025-11-05 18:50:47.373743,-0.53,0.06,0.83,-2.94,1.05,-0.49,31.3,48.0,942.08,610.11,S,-23.164156,-45.793095,3.62,555
413,1,2025-11-05 18:50:52.349860,-0.61,0.13,0.74,12.34,4.49,-8.5,31.3,48.0,942.07,610.24,S,-23.164156,-45.793095,3.62,556
414,1,2025-11-05 18:50:57.426896,-0.48,0.05,0.78,-9.21,-15.28,27.74,31.3,48.0,942.08,610.1,S,-23.164156,-45.793095,3.61,557
415,1,2025-11-05 18:51:07.352097,-0.28,0.14,0.94,2.2,-4.38,-15.06,31.3,47.0,942.09,610.06,S,-23.164156,-45.793095,3.61,558
416,1,2025-11-05 18:51:12.429989,-0.28,0.06,0.74,-2.67,-6.64,-7.05,31.3,47.0,942.07,610.19,S,-23.164156,-45.793095,3.6,559
417,1,2025-11-05 18:51:17.401943,-0.31,0.04,0.93,0.51,-9.58,12.14,31.3,47.0,942.1,610.0,S,-23.164156,-45.793095,3.61,560
418,1,2025-11-05 18:51:22.377325,-0.31,0.05,0.99,-1.48,-0.94,17.73,31.3,47.0,942.09,610.03,S,-23.164156,-45.793095,3.62,561
